code,name,mv_mean,amount_mean,num_days,profit,主营产品名称,主营产品类型,公司简介
300750.SZ,宁德时代,122422177.29624707,7336981.338506224,241,15931317900.0,电池包、电池柜、电箱、电芯、模组、三元前驱体—镍钴锰氢氧化物,专用设备与零部件,公司是全球领先的动力电池系统提供商，专注于新能源汽车动力电池系统、储能系统的研发、生产和销售，致力于为全球新能源应用提供一流解决方案。公司在电池材料、电池系统、电池回收等产业链关键领域拥有核心技术优势及可持续研发能力，形成了全面、完善的生产服务体系。公司拥有国际一流的研发团队，设立了“福建省院士专家工作站”，拥有锂离子电池企业省级重点实验室、中国合格评定国家认可委员会(CNAS)认证的测试验证中心，参与了《电动客车安全技术条件》、《电动汽车用锂离子动力蓄电池安全要求》、《电力储能用锂离子电池》等多个国家、行业规范及标准的制定。公司承担了“十二五”国家新能源汽车产业技术创新工程项目、“十三五”国家重点研发计划新能源汽车专项项目和智能电网与装备专项项目、国家火炬计划产业化示范项目等国家级项目，为首批入选工信部《汽车动力蓄电池行业规范条件》目录的十家动力电池企业之一、《锂离子电池行业规范条件》目录的八家锂离子电池企业之一。公司曾获得中国化学与物理电源行业协会“中国动力和储能用锂离子电池前10强企业”、中国储能网“中国储能产业最具影响力企业”、工信部和财政部“2017年国家技术创新示范企业”等多项荣誉。
300760.SZ,迈瑞医疗,45270403.89249247,1853735.442485477,241,8001553606.0,便携式彩超、除颤仪、吊塔吊桥、化学发光免疫分析仪、监护仪、麻醉剂、凝血分析仪、生化分析仪、手术床、手术灯、台式彩超、体外诊断试剂、血液细胞分析仪,诊断治疗设备,公司是中国领先的高科技医疗设备研发制造厂商，为全球市场提供医疗器械产品。公司的主营业务覆盖生命信息与支持、体外诊断、医学影像三大领域，通过前沿技术创新，提供更完善的产品解决方案，帮助世界改善医疗条件、提高诊疗效率。公司始终致力于临床医疗设备的研发和制造，产品涵盖生命信息与支持、临床检验及试剂、数字超声、放射影像四大领域，将性能与价格完美平衡的医疗电子产品带到世界每一角落。
300122.SZ,智飞生物,23668082.987551868,2091420.9312572612,241,10208548452.56,ACYW135 群脑膜炎球菌多糖疫苗、A群C 群脑膜炎球菌多糖结合疫苗、微卡(注射用母牛分枝杆菌),疫苗,公司系一家集疫苗研发、生产、销售、配送及进出口为一体的生物高科技企业，主营的人用疫苗为国家七大战略性新兴产业，发展前景广阔。现在售产品包括AC群脑膜炎球菌(结合)b型流感嗜血杆菌(结合)联合疫苗(喜贝康)、b型流感嗜血杆菌结合疫苗(喜菲贝)、A、C、Y、W135群脑膜炎球菌多糖疫苗(盟威克)、注射用母牛分枝杆菌(微卡)、A群C群脑膜炎球菌多糖结合疫苗(盟纳康)等自主产品及统一销售默沙东授权的23价肺炎球菌多糖疫苗、甲型肝炎灭活疫苗(人二倍体细胞)、四价人乳头瘤病毒疫苗(酿酒酵母)、九价人乳头瘤病毒疫苗(酿酒酵母)、口服五价重配轮状病毒减毒活疫苗(Vero细胞)等所有进口疫苗。公司荣获全国非公有制企业双强百佳党组织、重庆市精神文明单位、全国“守合同重信用”企业、全国商务诚信试点企业、重庆市创新型企业、重庆市制造企业百强等荣誉称号。
300014.SZ,亿纬锂能,19551284.974921074,3298660.6616099584,241,2905792903.68,亿纬锂能锂离子及锂聚合物组合电池、亿纬锂能锂锰电池、亿纬锂能锂亚电池、亿纬锂能镍氢组合电池,低压电器类,公司是国家级高新技术企业，专注于锂电池的创新发展。经过多年的努力，公司锂亚电池居世界前列，锂原电池居国内领先地位。公司主营业务是锂原电池和锂离子电池的研发、生产、销售，也以客户需求为导向提供锂电池相关的配套产品和服务。近几年，公司聚焦动力、储能市场领域，采用高度自动化与信息化的生产方式，为客户提供一流产品和服务，已形成锂原电池、锂离子电池、电源系统等核心业务，产品覆盖智能电网、智能交通、智能安防，储能，新能源汽车，特种行业等市场。公司以“做世界上最好的锂电池，成为行业领先企业”为愿景，以市场为导向，以世界先进的技术与自动化的生产方式，致力于为社会提供高可靠性的锂电池，同时不断追求卓越，专注创新，致力于打造一流“智慧互联能源”方案提供商。
300274.SZ,阳光电源,18414479.887996845,3594268.654643154,241,1582707374.76,风能变流器、光伏逆变器,变电设备,公司是一家专注于太阳能、风能等可再生能源电源产品研发、生产、销售和服务的国家重点高新技术企业。公司是中国目前较大的光伏逆变器制造商、国内领先的风能变流器企业，拥有完全自主知识产权。主要产品有光伏逆变器、风能变流器、储能系统、电动车电机控制器，并致力于提供全球一流的光伏电站解决方案。公司先后承担多项国家重大科技计划项目，主持起草了多项国家标准，并取得了多项重要成果和专利。产品先后成功应用于上海世博会、北京奥运鸟巢、京沪高铁上海虹桥站、国家送电到乡工程、南疆铁路、青藏铁路等众多重大光伏和风力发电项目。公司先后荣获“国家重点新产品”、国家发改委“技术进步优秀项目奖”、“中国新能源企业30强”、“中国驰名商标”、“安徽著名商标”、全球新能源企业500强、国家级“守合同重信用”企业、安徽“最佳雇主”等荣誉，是国家级博士后科研工作站设站企业、国家高技术产业化示范基地、国家认定企业技术中心、《福布斯》“中国最具发展潜力企业”等。
300124.SZ,汇川技术,17211685.49993098,1483462.9808174274,241,3573404586.07,CAN600起重机一体化驱动器、ECU630计数器、EMU400线速/转速表、EPS专用变频器、H0U工业控制器、H1U可编程控制器、H2U PLC扩展模块、H2U 模拟量扩展卡系列、H2U 通讯卡系列、H2U可编程控制器、IS100伺服驱动器系列、IS500A伺服驱动器系列、ISMD1直驱伺服电机系列、ISMH伺服电机系列、MD矢量型变频器、MONARCH电梯控制系列、单锭专用变频器、动力机车组逆变器、能量回馈单元、塑料拉丝机专用变频器、制动单元,变电设备,公司是专门从事工业自动化和新能源相关产品研发、生产和销售的高新技术企业。经过十多年的发展，公司已经从单一的变频器供应商发展成机电液综合产品及解决方案供应商。目前公司主要产品包括：①服务于智能装备领域的工业自动化产品，②服务于工业机器人领域的核心部件、整机及解决方案，③服务于新能源汽车领域的动力总成产品，④服务于轨道交通领域的牵引与控制系统，⑤服务于设备后服务市场的工业互联网解决方案。公司专注于工业自动化控制产品的研发、生产和销售，定位服务于中高端设备制造商，以拥有自主知识产权的工业自动化技术为基础，在经营过程中坚持进口替代、行业营销、为细分市场客户提供整体解决方案的经营模式，实现企业价值与客户价值共同成长。在工业自动化产品方面，公司已经成为国内最大的中低压变频器与伺服系统供应商；在电梯行业，公司已经成为行业领先的电梯一体化控制器供应商；在新能源汽车领域，公司已经成为我国新能源汽车电机控制器的领军企业。公司是国家高新技术企业，掌握了高性能矢量变频技术、PLC技术、伺服技术和永磁同步电机等核心平台技术。
688111.SH,金山办公,12994155.352697095,606759.6549045643,241,1041253876.4,WPS Office Linux版、WPS Office Mac版、WPS Office Windows版、WPS Office移动个人版、WPS Office移动专业版、稻壳儿云模板、个人云文档、互联网广告推广服务、会员皮肤、金山词霸、企业云文档、企业云协作、文档安全、文档漫游、智能美化,行业专用软件,公司是国内领先的办公软件和服务提供商，主要从事WPS Office办公软件产品及服务的设计研发及销售推广。公司拥有办公软件领域30余年研发经验及技术积累，旗下主要产品及服务皆由公司自主研发，对核心技术具有自主知识产权。公司重点针对文字排版技术、电子表格计算技术、动画渲染技术、在线协同编辑、安全文档以及数据协同共享等多种关键技术进行深入研究，通过核心技术的突破，建立互联网云办公应用服务体系，创建智能办公新模式，全面提升用户体验。2018年12月，公司主要产品月度活跃用户数(MAU)超过3.10亿，其中WPS Office桌面版月度活跃用户数超过1.20亿，领先其他国产办公软件；WPSOffice移动版月度活跃用户数超过1.81亿；公司其他产品(如金山词霸等)月度活跃用户数接近0.10亿。WPS Office移动版已覆盖全球超过220个国家和地区，在全球Google Play、中国App Store的办公软件应用市场中排名前列，并持续保持领先地位。为适应客户的安全可靠需求，公司自主研发的WPS Office Linux版本已经全面支持国产整机平台(如：龙芯、飞腾、兆芯、申威等芯片)和国产操作系统，并在国家“十二五”、“十三五”期间的“核高基”多项重大示范工程项目中完成系统适配和应用推广。
688303.SH,大全能源,12293280.163043479,666494.4724184782,184,5723842382.35,新疆大全高纯多晶硅,无机化工原料,公司是国内最早从事高纯多晶硅研发和制造的高纯多晶硅制造企业之一。公司主要从事高纯多晶硅的研发、制造与销售，主要用于光伏硅片的生产，硅片应用于下游光伏电池、光伏电池组件、光伏发电系统等太阳能光伏产品的生产。近年来，随着单晶硅片用料及单晶硅片生产成本的降低、单晶组件效率的提升，单晶技术性价比逐渐凸显，逐步成为行业主流技术路线。公司是国家发改委等部门认定的“国家企业技术中心”，拥有国家发改委认定的“光伏硅材料开发技术国家地方联合工程实验室”，是工信部等部门认定的“智能光伏试点示范企业”、“2019年国家技术创新示范企业”、符合《光伏制造行业规范条件》企业，入选工信部认定的“2018年智能制造试点示范项目名单”、“第一批绿色制造示范”名单，是国家级高新技术企业、自治区战略性新兴产业重点骨干企业、兵团创新型企业试点单位，拥有兵团科技局认定的“兵团光伏硅材料制造与应用工程技术研究中心”、兵团发改委认定的“兵团光伏硅材料工程实验室”和自治区经信委认定的“自治区级企业技术中心”。
688036.SH,传音控股,11869322.250475727,421852.5365643154,241,3909229343.57,Carlcare、Infinix、itel、oraimo、Syinix、TECNO,互联网服务、家电零售与连锁、移动通讯设备与配件,公司是一家以手机为核心的智能终端的设计、研发、生产及品牌运营的高新技术企业，业务集中在非洲、南亚、东南亚等新兴市场国家。同时实施多元化战略，开发了数码配件、家用电器以及移动互联网服务。主要产品为TECNO、itel和Infinix三大品牌手机，另创立数码配件品牌Oraimo，家用电器品牌Syinix及售后服务品牌Carlcare，自主研发HIOS、itelOS、和XOS等智能终端操作系统。针对特定市场需求，完成了切合当地市场的研发成果，包括黑人肤色摄像技术、防汗液USB端口等。2018年手机出货量全球市场占有率7.04%，排名第四；非洲市占率48.71%，排名第一；印度市占率6.72%，排名第四。
300782.SZ,卓胜微,11332512.471116025,1445771.5803360995,241,2134834604.14,IP授权、低功耗蓝牙微控制器芯片、射频低噪声放大器、射频开关,电子元器件,公司由硅谷留学人员创办于张江高科技园区，在知名风险投资红杉资本和盈富泰克的支持下，已迅速成长为一家在射频器件及无线连接专业方向上具有顶尖的技术实力和不凡市场竞争力的芯片设计公司。公司专注于移动互联领域，致力于开发无线通信的射频，射频与数字soc芯片产品，并为客户提供基于公司芯片的完整软硬件解决方案。经过8年多的研发积累，公司已拥有丰富的产品线，在行业内树立了领先的地位，销售方面亦已快速扩张，目前的产品已经得到诸如三星、华为、联想、展讯等***客户的采用。目前，公司已成为国内领先的射频器件及无线连接领域的专家，曾经推出或现有的产品线，如cmmb项目产品mxd0265、硅调谐器产品mxd1516、gps低噪放大器芯片mxdln16g及lte switch芯片mxd8650等。
688599.SH,天合光能,11128859.071453208,1129777.3023817427,241,1804231711.5,电多多系列、多应用场景下的大型光伏电站系统产品——天合智能优配、多应用场景下的商用光伏系统、高功率基准组件系列、高可靠双玻组件系列、高性能双面组件系列、光伏电站工程建设管理、光伏电站销售业务、光伏发电及运维、美好芯系列、美学组件系列、能源云平台业务、阳光棚、智能微网及多能系统,光学设备,天合光能是行业领先的光伏智慧能源整体解决方案提供商，业务布局包括光伏产品、光伏系统及智慧能源三大板块。公司以光伏科学与技术国家重点实验室和新能源物联网产业创新中心等平台为依托，在核心技术及研发上具有领先优势。光伏组件是公司的主要产品，组件产品的客户主要为国内外光伏电站开发商和承包商以及分布式光伏系统的经销商。公司较早从事光伏产品的研发和生产业务，建立了强大的研发团队，积累了一批具有自主知识产权的核心技术，拥有光伏科学与技术国家重点实验室及国家企业技术中心等创新平台，长期保持行业领先的技术优势。在组件功率及电池片转换效率上18次突破世界记录。公司先后在瑞士苏黎世、美国加州圣何塞、新加坡、日本东京、墨西哥设立了区域总部，并在马德里、米兰、悉尼、北京、上海等地设立了办事处，产品覆盖全球100多个国家和地区。
300759.SZ,康龙化成,11006093.132987054,776683.4333900415,241,1661028567.53,14C放射性标记和加速器质谱（AMS）用于生物制剂、14C放射性标记化合物的合成、3H 和 14C放射性标记生物大分子(RadioTag技术)、3H放射性标记化合物的合成、3H和14C 放射性标记（RadioTag）、PD/PK、PK/PD、QA/RA、安全药理学、病理、动物疾病模型、放射性标记化合物的合成、放射性同位素标记化合物的临床药代动力学应用、放射性同位素标记化合物应用于代谢产物分析、分析研发和质量控制部门、符合GMP标准的14C放射性标记的API(药物活性成分或原料药)&成品药的合成、工艺化学、化合物管理系统、化合物库合成、化学信息服务、计算机辅助药物设计、结构生物学、临床研究、免疫毒理学与免疫原性分析、生物分析服务、生物有机化学、生物制品研发、生殖与发育毒理学、使用放射性同位素标记化合物研究物料平衡、体内药代动力学、体外ADMET、体外疾病生物学、体外筛选、体外药理学及生物标记物检测、通过HRMS/NMR进行代谢产物鉴定、小分子药物的生物等效性试验、研发分析和分离、药物材料和结晶研发、药物-药物（DDI）相互作用研究、药物制剂开发、一般毒理、遗传毒理学、原料药生产、早期工艺化学（DPC）、真皮渗透研究、支持新药临床试验申请的药代动力学研究、制剂生产、质量保证部,化学试剂、生物诊断试剂、原料药、专业咨询服务,公司是一家领先的全流程一体化医药研发服务平台，业务遍及全球，致力于协助客户加速药物创新。根据弗若斯特沙利文的资料，按2018年的总收益计，公司是中国第二大医药研发服务平台及全球三大药物发现服务供应商之一。公司在药物发现、临床前及早期临床开发服务方面处于领先地位，并一直致力于拓展下游业务，包括临床后期开发及商业化生产等服务。公司不断扩大医药研发服务领域，并掌握主要研发学科的专业知识以覆盖各研发阶段的主要里程碑，协助客户加快推进研发计划。作为领先的药物发现医药研发服务供应商，公司对分子已积累深刻的科学见解，并自客户创新药物研发初期起即取得客户信任。
300433.SZ,蓝思科技,10639924.663439179,825100.6785228215,241,2070242934.38,平板电脑防护玻璃、手机防护玻璃,玻璃,公司是全球领先的消费电子与高端智能汽车领域智能终端视窗与防护功能组件的ODM企业，凭借各项领先的技术和工艺、先进自研量产的自动化智能生产线、深厚的行业资源、宏大的生产规模、优质的品牌口碑，以及强大的研发储备与实力等优势，在消费电子产品、智能汽车、智能家居家电等领域的市场地位、市场占有率均全球领先，拥有全球优质、稳定的知名品牌客户资源，包括苹果、三星、华为、OPPO、vivo、小米、摩托罗拉、特斯拉、亚马逊等。公司的高精度玻璃、蓝宝石、精密陶瓷、金属、模组、贴合、组装等各类核心产品与业务均已被深度用于智能手机、可穿戴设备、平板电脑、笔记本电脑、一体式电脑、中控屏幕等智能终端，在5G商用场景、人工智能、工业互联网、智慧城市、教育医疗、智能汽车、智能家居等领域的得到广泛的应用，未来市场前景广阔。
300347.SZ,泰格医药,10510411.917533703,1030600.491340249,241,2874163020.17,临床试验技术服务、临床试验统计分析服务,专业咨询服务,公司是国内领先的临床合同研究组织(CRO)，专注于为医药产品研发提供I-IV期临床试验、数据管理与生物统计、注册申报等全方位服务。公司参与了包括国家“十五”、“十一五”、“十二五”国家重大科技专项，国家863计划重大科技专项，以及国家创新基金项目、中科院重大科技项目、浙江省重大科技专项和广州市科技重大项目等在内的多项新化学单体和新生物制品的临床试验。公司的临床研究业务几乎包括了我国GCP中提出的全部临床试验内容，完备的服务内容可以满足绝大多数国内外制药企业的临床研究要求。
688981.SH,中芯国际,10423059.247095434,1702576.0368215768,241,10733098000.0,光掩模制造、集成电路晶圆代工、设计服务与IP支持、凸块加工及测试,专业咨询服务,"公司是全球领先的集成电路晶圆代工企业之一，也是中国大陆技术最先进、规模最大、配套服务最完善、跨国经营的专业晶圆代工企业，主要为客户提供0.35微米至14纳米多种技术节点、不同工艺平台的集成电路晶圆代工及配套服务,在逻辑工艺领域，中芯国际是中国大陆第一家实现14纳米FinFET量产的晶圆代工企业，代表中国大陆自主研发集成电路制造技术的最先进水平；在特色工艺领域，中芯国际陆续推出中国大陆最先进的24纳米NAND、40纳米高性能图像传感器等特色工艺，与各领域的龙头公司合作，实现在特殊存储器、高性能图像传感器等细分市场的持续增长,除集成电路晶圆代工业务外，中芯国际亦致力于打造平台式的生态服务模式，为客户提供设计服务与IP支持、光掩模制造、凸块加工及测试等一站式配套服务，并促进集成电路产业链的上下游合作，与产业链各环节的合作伙伴一同为客户提供全方位的集成电路解决方案。"
300450.SZ,先导智能,10371623.125220526,1102543.25106639,241,1584673046.04,18650/21700卷绕机、EV全自动卷绕机、EV真空干燥炉、EV注液机、EV组装线、抽气热压机（DH机）、电池片自动串焊机、分容柜系统、赋能分选机、高速分切机、隔膜分切机、焊接卷绕一体机、焊接组装机、化成柜系统、汇流条焊接机、激光摸切机、极片分切机、老化机、喷金机、软包叠片机、软包注液机、四合一成型机、智能物流线、自动化管式PECVD上/下料机、自动化扩散上/下料机、自动化制绒/刻蚀清洗上/下料机、自动卷绕机、组件自动流水线,专用设备与零部件,公司是国家火炬计划重点高新技术企业、国家两化融合示范企业。公司是全球新能源装备的龙头企业，涵盖锂电池装备、光伏装备、3C检测装备、智能仓储物流系统、汽车智能产线等业务。公司专业从事高端自动化成套装备的研发设计、生产销售，为锂电池、光伏电池/组件、3C、薄膜电容器等节能环保及新能源产品的生产制造商提供高端全自动智能装备及解决方案。公司的产品性能达到国际先进水平，能根据客户要求研发各种个性化智能装备。公司拥有数百项授权专利，多项装备被认定为省高新技术产品、省首台套重大装备、省名牌产品等。
300142.SZ,沃森生物,9807204.082857544,2730696.6238755183,241,427747681.59,b型流感嗜血杆菌结合疫苗、b型流感嗜血杆菌结合疫苗(全预充注射器)、冻干A、C群脑膜炎球菌多糖结合疫苗,疫苗,公司是专业从事人用疫苗等生物技术药集研发、生产、销售于一体的高科技生物制药企业，在以新型疫苗为代表的生物技术药细分领域处于行业领先地位。经过多年的发展，公司已形成了结构优良、品种丰富的产品管线，拥有全球两大重磅疫苗品种13价肺炎结合疫苗和HPV疫苗，并构建了国内领先的研发和产业化技术平台，聚集了一大批中西合璧的专业技术和管理人才，获得了一批国家“863计划”和“重大新药创制”科技重大专项支持，与盖茨基金会等国际著名机构建立了紧密的合作关系。
688396.SH,华润微,8951537.43188141,960743.8598921162,241,2267920399.95,AC-DC、BMS IC、FRD、IGBT、LED驱动IC、MEMS传感器、MOSFET、SBD、电机驱动IC、光电传感产品、计量计算MCU、人机交互MCU、通用型MCU、无线充电IC、线性稳压IC、烟雾传感器、音频功放IC,电子元器件,公司是中国领先的拥有芯片设计、晶圆制造、封装测试等全产业链一体化经营能力的半导体企业，产品聚焦于功率半导体、智能传感器与智能控制领域，为客户提供丰富的半导体产品与系统解决方案。公司产品设计自主、制造全程可控，在分立器件及集成电路领域均已具备较强的产品技术与制造工艺能力，形成了先进的特色工艺和系列化的产品线。公司是华润集团半导体投资运营平台，始终以振兴民族半导体产业为己任，曾先后整合了华科电子、中国华晶、上华科技等中国半导体先驱。公司及下属相关经营主体曾建成并运营中国第一条4英寸晶圆生产线、第一条6英寸晶圆生产线，承担了多项国家重点专项工程。经过多年发展及一系列整合，公司已成为中国本土具有重要影响力的综合性半导体企业，自2004年起连续被工信部评为中国电子信息百强企业。公司已获得包括国家技术发明二等奖、“九五”国家重点科技攻关优秀科技成果奖、教育部技术发明一等奖、教育部技术发明二等奖、省级科技进步一等奖及国家级及省部级研发项目在内的多项重要奖项。
688012.SH,中微公司,8647865.454427037,1122703.8740331952,241,1011423670.06,MOCVD设备、VOC设备、电感性等离子体刻蚀设备、电容性等离子体刻蚀设备,电子设备及加工,公司是一家以中国为基地、面向全球的高端半导体微观加工设备公司，深耕芯片制造刻蚀领域，研制出了国内第一台电介质刻蚀机，是我国集成电路设备行业的领先企业。公司专注于集成电路、LED关键制造设备，核心产品包括：1)用于IC集成电路领域的等离子体刻蚀设备(CCP、ICP)、深硅刻蚀设备(TSV)；2)用于LED芯片领域的MOCVD设备。目前公司等离子体刻蚀设备已被广泛应用于国际一线客户从65纳米到14纳米、7纳米和5纳米的集成电路加工制造及先进封装。公司的MOCVD设备在行业领先客户的生产线上大规模投入量产，公司已成为世界排名前列、国内占主导地位的氮化镓基LED设备制造商。
300454.SZ,深信服,8572057.79895736,435743.39867219917,241,272857861.09,VPN、超融合一体机及超融合软件、广域网加速、上网行为管理、瘦终端机、无线接入点、无线控制器、下一代防火墙、应用交付、云安全产品及服务、云管平台、桌面云一体机及软件,互联网服务,公司专注于软件和信息技术服务行业，致力于让政府部门、事业单位和各类企业等在内的企业级用户的IT更简单、更安全、更有价值，当前主营业务为向前述企业级用户提供信息安全、云计算、企业级无线相关的产品和解决方案。公司从2012年开始布局云计算业务，目前已完成企业级云、专属云、桌面云三朵云的业务布局，向企业级用户提供超融合一体机、云管理平台、企业级云平台、跨云管理平台、云终端、桌面云一体机、分布式存储等多款产品和解决方案，为政府单位、教育机构、医疗机构、金融机构、各类型企业等单位提供从桌面到数据中心，从本地到云端，从私有云、行业云到混合云的完整云计算解决方案及服务，致力于让用户的关键业务上云更简单、IT服务更高效、IT更具价值创造力。公司是第一批国家高新技术企业，先后获得“深圳市重点软件企业”、“国家规划布局内重点软件企业”等荣誉。
300919.SZ,中伟股份,8361701.957174589,378916.97779253114,241,938952084.15,三元前驱体、四氧化三钴,专用设备与零部件,公司主要从事锂电池正极材料前驱体的研发、生产、加工及销售，主要产品包括三元前驱体、四氧化三钴，分别用于生产三元正极材料、钴酸锂正极材料。三元正极材料、钴酸锂正极材料进一步加工制造成锂电池，最终应用于新能源汽车、储能及消费电子等领域。公司所属产业为战略性新兴产业。为进一步增强锂电池正极材料前驱体主要原材料的保障能力，公司向产业链上游延伸，已形成了镍、钴中间品湿法加工硫酸镍、硫酸钴以及锂离子电池循环回收产能，与前驱体产业形成了良好的产业链协同优势。公司凭借优异的技术研发实力、严苛的品质管控要求、快速的产业化能力，前驱体产销量稳居全球前三，与LG化学、厦门钨业、当升科技、振华新材、天津巴莫、北大先行等国内外一流正极材料客户建立了稳定合作关系。
300601.SZ,康泰生物,7964166.913001701,854948.8397759337,241,1263377112.09,Hib疫苗、麻风二联苗、四联苗、乙肝疫苗,生物诊断试剂,公司是一家集生物制品研发、生产、销售于一体的上市企业，中国主要的乙肝疫苗生产企业之一。公司主营业务为人用疫苗的研发、生产和销售，产品种类涵盖一类和二类疫苗，目前主要产品有重组乙型肝炎疫苗(酿酒酵母)、b型流感嗜血杆菌结合疫苗、麻疹风疹联合减毒活疫苗、无细胞百白破b型流感嗜血杆菌联合疫苗等产品。自成立以来，康泰生物承担了多项国家、省、市级重点科研项目及技术开发任务，已具备多联多价疫苗、基因工程疫苗等新技术研发及产业化核心竞争力。其中自主研发的无细胞百白破b型流感嗜血杆菌联合疫苗为国内独家创新的“四联疫苗”，专门针对无应答人群的60微克乙肝疫苗拥有“国家重点新产品”称号。通过多年的不懈努力，康泰生物已经发展成为研发品种齐全、产品线丰富、技术优势明显的国家级高新技术企业，在国家计划免疫战线上有着举足轻重的地位。
300316.SZ,晶盛机电,7760726.968944788,861510.7226348547,241,1711717145.99,单晶硅生长炉控制系统、多晶硅铸锭炉、全自动单晶硅生长炉,锅炉及附属设备,公司是一家以“发展绿色智能高科技制造产业”为使命的高端半导体装备和LED衬底材料制造的高新技术企业。公司主营产品为全自动单晶生长炉、多晶硅铸锭炉、区熔硅单晶炉、单晶硅滚圆机、单晶硅截断机、全自动硅片抛光机、双面研磨机、单晶硅棒切磨复合加工一体机、多晶硅块研磨一体机、叠片机、蓝宝石晶锭、蓝宝石晶片、LED灯具自动化生产线等。公司产品主要应用于太阳能光伏、集成电路、LED、工业4.0等具有较好市场前景的新兴产业。公司拥有多家子公司和研发中心，其中一个海外研发中心，拥有工业4.0方向的省级重点研究院、省级晶体装备研究院等研究平台、博士后工作站。
688008.SH,澜起科技,7536548.430111943,482941.6856929461,241,829137544.38,DDR2高级内存缓冲器芯片、DDR3寄存缓冲器芯片（1.5V/1.35V）、DDR3寄存缓冲器芯片（1.5V/1.35V/1.25V）、DDR3内存缓冲器芯片、标准版混合安全内存模组 (HSDIMM)、第二代（Gen2）DDR4寄存时钟驱动器芯片、第二代（Gen2）DDR4数据缓冲器芯片、第二代+（Gen2 Plus）DDR4寄存时钟驱动器芯片、第二代+（Gen2 Plus）DDR4数据缓冲器芯片、第一代（Gen1）DDR4寄存时钟驱动器芯片、第一代（Gen1）DDR4数据缓冲器芯片、津逮服务器CPU、精简版混合安全内存模组 (HSDIMM-Lite)、消费电子芯片,专用设备与零部件,公司是业界领先的集成电路设计公司，为全球仅有的3家内存接口芯片供应商之一。主要经营模式为Fabless模式，在该模式下企业仅需专注于从事产业链中的集成电路设计和营销环节，其余委托代工完成；由公司取得测试芯片成品销售给客户。公司的主营业务是为云计算和人工智能领域提提供以芯片为基础的解决方案，目前主要产品包括内存接口，津逮服务器CPU以及混合安全内存模组。公司发明的DDR4全缓冲“1+9”架构被采纳为国际标准。现已成为全球可提供从DDR2到DDR4内存全缓冲/半缓冲完整解决方案的主要供应商之一，在内存接口芯片市场位列全球前二。
300628.SZ,亿联网络,7285105.038924275,208776.11082157676,241,1616080443.77,DECT无线电话终端、SIP桌面电话终端、VCS高清视频会议系统,通信系统与平台、通信终端设备,公司是专业的企业通信与协作解决方案提供商，集研发、销售及服务于一体，并通过外协加工的方式，为全球企业客户提供智能、高效的企业通信终端设备。公司生产的终端产品销售量及销售收入均居行业前列，并保持快速增长。公司专注于向中小型企业提供产品和服务。统一通信使企业用户无论何时何地都能以任何设备进行音频、视频及数据通讯，并通过桌面电话、视频会议系统和手机通讯软件等统一通信技术设备及软件，达到互联互通的通信目的。
300408.SZ,三环集团,7124728.924838311,535108.4016929461,241,2010811421.49,三环MLCC、三环电阻、三环光纤陶瓷插芯及套筒、三环接线端子、三环燃料电池隔膜板、三环陶瓷封装基座、三环陶瓷基片、三环陶瓷基体,电子元器件,公司集材料、产品、装备研发与制造为一体，是全国最大的先进技术陶瓷、电子元件生产基地之一。公司主要从事电子陶瓷类电子元件及其基础材料的研发、生产和销售，主要产品包括通信部件、半导体部件、电子元件材料、电子元件、压缩机部件、燃料电池部件、新材料等的生产和研发，公司产品主要应用于电子、通信、消费类电子产品、工业用电子设备和新能源等领域。公司具有几十年电子陶瓷领域的技术积累，专注于各种电子陶瓷的研发和生产，掌握了新型材料、电子浆料、功能玻璃、纳米粉体等关键基础材料的制备技术，独立完成从原材料到成品的生产全过程，在生产加工和工艺控制上形成了一条具有自己特色的工艺技术路线，主要产品技术达到国际先进水平。公司以创新为核心，组建了研究院和技术委员会，拥有以院士、学科专家为带头人的创新团队，不断开展对新材料、新产品、新装备、新技术的研究与创新，承担并完成多项国家、省级科研项目，研发了多项高新技术产品，先后有几十项产品荣获国家优质产品金奖，国家、省重点新产品，广东省优秀新产品奖，专利和商标的申请覆盖了国内外经济技术发达的国家与地区。
688728.SH,格科微,7057145.127196163,213965.62814545454,165,1258447129.0,CMOS图像传感器、显示驱动芯片,专用设备与零部件,公司为全球领先的半导体和集成电路设计企业之一，公司目前主要采用Fabless经营模式，专注于产品的研发、设计和销售环节，并参与部分产品的封装与测试环节，未来还将通过自建部分12英寸BSI晶圆后道产线、12英寸晶圆制造中试线、部分OCF制造及背磨切割产线的方式，实现向Fab-Lite模式的转变。公司建立了完善的产品体系，其产品主要应用于手机领域，同时广泛应用于包括平板电脑、笔记本电脑、可穿戴设备、移动支付、汽车电子等在内的消费电子和工业应用领域。公司在全球范围内积累了丰富的终端客户资源，并与舜宇光学、欧菲光、丘钛科技、立景、盛泰光学、江西合力泰、联创电子、MCNEX、湖北三赢兴、中光电、同兴达、中显智能、华星光电等多家行业领先的摄像头及显示模组厂商形成了长期稳定的合作关系，其产品广泛应用于三星、小米、OPPO、vivo、传音、诺基亚、联想、HP、TCL、小天才等多家主流终端品牌产品。
300661.SZ,圣邦股份,6915231.479874067,656868.0477344398,241,699389578.69,DC/DC转换器、LED驱动器、MOSFET 驱动、POP音抑制器、比较器、耳机驱动器、负载开关、过压保护器件、锂电池充电管理芯片、模拟信号开关、视频驱动器、特殊开关系列、微处理器复位芯片、线性稳压器、小逻辑门、音频功率放大器、音频驱动器、运算放大器,电子元器件,公司是一家专注于高性能、高品质模拟集成电路芯片设计及销售的高新技术企业。公司产品涵盖信号链和电源管理两大领域，包括运算放大器、比较器、音/视频放大器、模拟开关、电平转换及接口电路、小逻辑芯片、AFE、LDO、DC/DC转换器、OVP、负载开关、LED驱动器、微处理器电源监控电路、马达驱动、MOSFET驱动及电池管理芯片等。公司产品可广泛应用于消费类电子、手机与通讯、工业控制、医疗仪器、汽车电子等领域，以及物联网、新能源、可穿戴设备、人工智能、智能家居、无人机、机器人和共享单车等新兴电子产品领域。
688126.SH,沪硅产业-U,6772216.060032262,504322.258439834,241,146112351.76,200mm及以下半导体硅片（含SOI硅片）、300mm半导体硅片,半导体材料,公司目前已成为中国少数具有一定国际竞争力的半导体硅片企业，产品得到了众多国内外客户的认可。公司目前已成为多家主流半导体企业的供应商，提供的产品类型涵盖300mm抛光片及外延片、200mm及以下抛光片、外延片及SOI硅片。公司主要从事半导体硅片的研发、生产和销售，是中国大陆规模最大的半导体硅片制造企业之一，是中国大陆率先实现300mm半导体硅片规模化销售的企业。硅产业集团自设立以来，坚持面向国家半导体行业的重大战略需求，坚持全球化布局，坚持紧跟国际前沿技术，突破了多项半导体硅片制造领域的关键核心技术，打破了我国300mm半导体硅片国产化率几乎为0%的局面，推进了我国半导体关键材料生产技术“自主可控”的进程。公司的技术水平和科技创新能力国内领先，公司及控股子公司拥有已获授权的专利300项，其中中国大陆105项，中国台湾地区及国外195项；公司及控股子公司拥有已获授权的发明专利273项。
688169.SH,石头科技,6073991.281326012,499249.57293775934,241,1402476092.0,惯性导航扫拖一体智能机器人、激光导航扫拖一体智能机器人、激光导航智能扫地机器人、手持无线吸尘器及相关配件、随机碰撞式智能扫地机器人、智能扫地机器人,专用设备与零部件,公司是一家专注于家用智能清洁机器人及其他清洁电器研发和生产的公司。公司是国际上将激光雷达技术及相关算法大规模应用于智能扫地机器人领域的领先企业。智能扫地机器人在通过基于激光测距传感器、惯性测量单元等传感器的SLAM算法构建出户型地图后，再根据户型地图进行定位，同时通过AI算法规划出智能、高效的清扫路径，可以有效避免漏扫重扫。服务器端通过对联网产品数据进行深度学习、算法优化从而不断迭代升级机器人算法。公司在研发与产品设计方面处于行业前列。公司分别被授予“国家高新技术企业”、“中关村高新技术企业”、“北京市知识产权试点企业”、“中国机器人产业联盟会员”、“中关村企业信用促进会会员”、“北京半导体行业协会会员”等资质，公司产品曾被授予“北京市新技术新产品(服务)”、“国际IF设计大奖”、“台湾金点奖”、“中国优秀工业设计奖”等多项荣誉。
300207.SZ,欣旺达,5944321.185746764,1583881.277120332,241,915654084.18,薄膜开关、笔记本类锂离子电池模组、储能电站电池、电动工具电池、电动汽车电池、电动自行车电池、电源管理系统、动力类锂离子电池模组、工业移动照明电池、手机数码类锂离子电池模组、医疗设备电池,低压电器类,公司是国内锂能源领域设计能力最强、配套能力最完善、产品系列最多的锂离子电池模组制造商之一。历经二十余年，公司发展成为全球锂离子电池领域的领军企业，形成了动力电池及动力总成、储能系统与能源互联网、3c消费类电池、智能硬件、自动化与智能制造、第三方检测六大产业群，致力于提供绿色、快速、高效的新能源一体化解决方案服务。公司主要从事锂离子电池模组研发制造业务，主要产品为锂离子电池模组，属于新能源领域。锂离子电池产业作为新能源领域的重要组成部分，广泛应用于手机、笔记本电脑、电动汽车动力总成、可穿戴设备、储能、能源互联网、动力工具、电动自行车等领域。公司产品还涵盖锂离子电芯、电源管理系统、精密结构件、智能制造类(含自动化设备)等多个领域。公司在锂离子电池模组领域，通过自主研发，拥有多项自主原始创新和集成创新的核心技术。通过多年努力，公司先后获评“世界能源500强”、“中国电子信息企业百强”、“中国电池百强企业”、“中国民营制造业500强”等荣誉。
300751.SZ,迈为股份,5884955.7705804445,783777.1261369294,241,642802185.94,红外线干燥炉、检测机、全自动太阳能电池丝网印刷机、烧结炉、太阳模拟器、太阳能电池丝网印刷生产线成套设备（整线）、自动翻片机、自动分选机、自动缓存机、自动冷却机、自动上片机,专用设备与零部件,公司是一家集机械设计、电气研制、软件算法开发、精密制造装备于一体的高端智能装备制造商，涉足太阳能电池生产设备，是光伏行业全球领先的设备供应商及服务提供商。公司主营生产太阳能电池丝网印刷生产线成套设备。经过多年的技术积累与市场验证，公司在国内太阳能电池丝网印刷设备领域已处于领先地位，与众多集团等建立了长期合作关系，打破了丝网印刷设备领域进口垄断的格局。
688561.SH,奇安信-U,5718925.443475818,209143.48868879667,241,-554749572.44,堡垒机系统、代码卫士、工业控制安全网关、开源卫士、零信任身份安全、全球鹰安全监测与运营服务、日志收集与分析系统、上网行为管理系统、数据库审计系统、网络流量传感器、网站安全云防护系统、虚拟化安全管理系统、业务安全网关、云安全管理平台、终端安全管理系统、终端安全准入系统,电子设备及加工、电子元器件、互联网服务、系统集成服务,公司面向新型基础设施建设、面向数字化业务，运用系统工程的方法论结合“内生安全”思想，将新一代网络安全框架作为顶层设计指导，以“数据驱动安全”为技术理念、以打造网络安全颠覆性和非对称性能力为目标、以“人+机器”协同运营为手段，创建了面向万物互联时代的网络安全协同联动防御体系。公司针对云计算、大数据、物联网、移动互联网、工业互联网和5G等新技术下产生的新业态、新业务和新场景，为政府与企业等机构客户提供全面、有效的网络安全解决方案。公司的客户范围覆盖大多数中央政府部门、中央直属企业和银行。公司为国家关键机构监控来自境内外的高级持续威胁(APT)攻击，成功发现了多个境内外的网络间谍组织；作为主要技术保障单位参与了国庆70周年、十九大、两会、抗战胜利70周年、澳门回归20周年等重大活动，一带一路高峰论坛、APEC、G20、中非论坛、金砖国家峰会、上合峰会、上海进博会等重大国际会议的网络安全保障工作；为网信、公安、工信等部门建设了针对关键信息基础设施的网络安全态势感知与防护系统。
300496.SZ,中科创达,5571394.396636275,784582.928792531,241,647269132.32,平板电脑、智能电视软件BigDroid、智能电视软件SmartDroid、智能电视软件TVDroid、智能手机,操作系统软件、电子设备及加工、通信终端设备,公司是全球领先的智能平台技术提供商。自2008年成立以来，公司致力于提供卓越的智能终端操作系统平台技术及解决方案，助力并加速智能手机、智能物联网、智能汽车等领域的产品化与技术创新。源于多年在Android、Linux、Windows和HTML5等操作系统技术的研发与创新，中科创达形成了从硬件驱动、操作系统内核、中间件到上层应用全面的技术体系。积累了丰富的研发经验和众多自有知识产权，具备强有力的技术开发和服务能力。核心技术涵盖了通信协议栈、深度学习、图形图像算法、操作系统优化和安全技术等多个方面。中科创达与智能终端产业链中的芯片、元器件、终端、软件与互联网厂商以及运营商等全球领先企业拥有紧密的合作关系，具有独特的垂直整合优势。
300223.SZ,北京君正,5557638.6367360875,1112515.8013112033,241,926181170.71,Android 2.2第三方开发环境、USB Boot工具、XBurst CPU、君正Linux系统、芯片,行业专用软件、集成电路,公司是一家集成电路设计企业，拥有全球领先的32位嵌入式CPU技术和低功耗技术。公司主营业务为微处理器芯片、智能视频芯片等ASIC芯片产品及整体解决方案的研发和销售。公司拥有较强的自主创新能力，多年来在自主创新CPU技术、视频编解码技术、图像和声音信号处理技术、SoC芯片技术、软件平台技术等多个领域形成多项核心技术。公司已形成可持续发展的梯队化产品布局，基于自主创新的XBurst CPU和视频编解码等核心技术，公司推出了一系列具有高性价比的微处理器芯片产品和智能视频芯片产品，各类别的芯片产品分别面向不同的市场领域。公司积极培养复合型人才，形成合理的人才梯队，不断加强团队凝聚力，已累计获得多项专利证书，是国内外领先的嵌入式CPU芯片及解决方案提供商之一。
688187.SH,时代电气,5466279.894928847,479624.1428741722,151,2017694796.0,轨道交通装备、新兴装备,专用设备与零部件,公司作为我国轨道交通行业具有领导地位的牵引变流系统供应商，具备研发、设计、制造、销售及服务的综合能力，致力于成为全球轨道交通装备全面解决方案的首选供应商。公司以技术研发为核心，秉持“高质量经营，高效率运营”理念，坚持“同心多元化”战略，在夯实提升轨道交通业务的基础上，逐步拓展轨道交通外市场，打造新的增长点。公司主要从事轨道交通装备产品的研发、设计、制造、销售并提供相关服务，具有“器件+系统+整机”的产业结构，产品主要包括以轨道交通牵引变流系统为主的轨道交通电气装备、轨道工程机械、通信信号系统等。同时，公司还积极布局轨道交通以外的产业，在功率半导体器件、工业变流产品、新能源汽车电驱系统、传感器件、海工装备等领域开展业务。经过多年的研发积淀和技术引进吸收及自主创新，公司已经具备完整的自主知识产权体系，成为在电气系统技术、变流及控制技术、工业变流技术、列车控制与诊断技术、轨道工程机械技术、功率半导体技术、通信信号技术、数据与智能应用技术、牵引供电技术、检验测试技术、深海机器人技术、新能源汽车电驱系统技术和传感器技术等领域拥有自主知识产权的高科技企业。
688180.SH,君实生物-U,4729062.06093361,537523.5567053942,241,-720909747.05,君实生物JS101（CDK抑制剂）、君实生物UBP1211（抗TNF-α单抗）、君实生物UBP1213（抗BLyS单抗）、君实生物VF28及变种瞬时性表达和高产稳定株构建委托服务（技术服务）、君实生物VF28及其变种瞬时转染稳定性考察委托服务（技术服务）,抗肿瘤制剂、调节免疫功能制剂、专业咨询服务,公司是一家以开发治疗性抗体为主的研发型高科技公司。公司由多名毕业于美国知名学府，有着丰富的科技成果转化及产业化经验的留学人员创办，专注于创新单克隆抗体药物和其他治疗性蛋白药物的研发与产业化。公司自成立以来瞄准国际抗体技术研发的前沿进展，通过广泛的国内外技术合作，着力研发条件、研发团队和技术平台的建设，已搭建国内一楼创新人源化抗体药物产品研究开发技术平台。改平台涵盖分子抗体药物筛选、高产稳定CHO细胞株的构建及治疗性抗体分析检测在内的多个核心技术。公司目前在研产品十余种，主要覆盖肿瘤、心血管疾病和骨质疏松等领域。公司提供的技术服务指利用技术平台为客户提供定制服务，包括分子序列的设计及改造、高表达细胞株的构建、小试及中试工艺研究、临床前研究及临床研究样品的制备等。公司积累了大量的核心技术，其中部分技术为通用技术，可以转化为服务提供给需求方实现收入。
688772.SH,珠海冠宇,4726361.002791815,261862.19176153844,130,945826719.86,动力类锂离子电池PACK、动力类锂离子电池电芯、动力类锂离子电池模组、消费类锂离子电池PACK、消费类锂离子电池电芯,电子元器件,公司主要从事消费类聚合物软包锂离子电池的研发、生产及销售，同时布局动力锂离子电池，产品主要应用于笔记本电脑、平板电脑、智能手机、智能穿戴设备、无人机、汽车启停系统及电动摩托等领域。作为国家级高新技术企业，公司始终专注于锂离子电池相关技术和生产工艺的自主研发，建立了一支强大的研发团队，并积累了丰富的技术成果。公司拥有人力资源和社会保障部和全国博士后管委会认定的“博士后科研工作站”、广东省经济和信息化委员会等多部门认定的“省级企业技术中心”、广东省科学技术厅认定的“广东省软包锂离子电池工程技术研究中心”、“广东省软包锂离子电池研究与应用企业重点实验室”、广东省人力和社会保障厅认定的“广东省博士工作站”，并获得了由广东省人民政府颁发的广东省科技进步奖二等奖等奖项。
300003.SZ,乐普医疗,4484051.5416902695,552432.5727344399,241,1719324578.02,冠状动脉药物支架系统、呼吸系统用药、基层医院合作共建、精准医疗、抗微生物药、乐普医疗封堵器、消化系统用药、心血管健康咨询管理中心、心血管系统用药、血管内药物（雷帕霉素）洗脱支架系统、医疗金融服务、医疗科技孵化及股权投资、移动医疗、营养剂、远程心电监测、中枢神经系统用药、中药产品,循环系统用制剂、药品经销、医用辅助设备、医院、中药饮片、专业咨询服务,公司是一家专业从事冠脉支架、PTCA球囊导管、中心静脉导管及压力传感器的研发、生产和销售的企业，国内高端医疗器械领域能够与国外产品形成强有力竞争的为数较少的企业之一。自成立以来，相继完成了支架、导管等多项介入医疗核心产品的研制开发和产业化工作，在业内第一个获得国家药监局颁发的“冠状动脉支架输送系统”产品注册证(III类)、第一个研发并试制成功抗感染“药物中心静脉导管”。公司具备了心血管介入、麻醉监护产品的工业化生产能力，PARTNER药物支架成功上市使公司为拥有雷帕霉素药物支架生产技术的公司。
688538.SH,和辉光电-U,4480735.043297072,169000.5323018018,222,-945158194.0,平板/笔记本电脑类AMOLED半导体显示面板、智能穿戴类AMOLED半导体显示面板、智能手机类AMOLED半导体显示面板、主动矩阵有机发光二极管、专业显示类AMOLED半导体显示面板,电子元器件、显示设备,"公司是国务院国有企业改革领导小组确认的“百户科技型企业深化市场化改革提升自主创新能力专项行动”入选企业,是高新技术企业和上海市专利工作示范企业。自设立以来，公司持续深耕中小尺寸AMOLED半导体显示面板，量产产品主要应用于智能手机、智能穿戴以及平板/笔记本电脑等消费类终端电子产品，同时积极研发适用于车载显示、工控显示、医疗显示等专业显示领域的相关AMOLED半导体显示面板产品。公司是国务院国有企业改革领导小组确认的“百户科技型企业深化市场化改革提升自主创新能力专项行动”入选企业，被国家工信部评为工业企业知识产权运用试点企业，被国家知识产权局评为国家知识产权优势企业，是高新技术企业和上海市专利工作示范企业。"
688009.SH,中国通号,4389886.754946059,79771.29972614108,241,3274672689.28,CIPS设备、RBC设备、车载ATP设备、车站计算机联锁系统设备、城轨列控系统（CBTC系统）、城轨列控系统（MATC系统）、城市轨道交通专用无线通信系统设备、道岔转换系统设备、光纤直放站弱场覆盖设备、轨道电路、货运自动化系统（CIPS编组站综合自动化系统）、货运自动化系统（驼峰自动化控制系统）、货运自动化系统（重载货车多机联控系统）、机车综合无线通信设备、列控中心设备、旅服系统设备、屏蔽门、调度指挥自动化及检测系统（调度集中系统）、调度指挥自动化及检测系统（铁路电务智能运行维护管理系统）、调度指挥自动化及检测系统（综合调度指挥系统）、铁路列控系统（CTCS-0级列控系统）、铁路列控系统（CTCS-2+ATO列控系统）、铁路列控系统（CTCS-2级列控系统）、铁路列控系统（CTCS-3+ATO自动驾驶列控系统系统）、铁路列控系统（CTCS-3级列控系统）、铁路综合视频监控系统设备、通信信息系统（城轨专用无线通信系统）、通信信息系统（铁路旅客服务集成信息平台）、通信信息系统（铁路综合视频监控系统）、五模块100%低地板有轨电车、应答器传输系统设备、智能电源系统、专用缆线,系统集成服务、专用设备与零部件,公司自成立以来始终专注于轨道交通控制系统技术的研究与探索，致力于为国家轨道交通运营提供安全与高效的核心支撑，已成为全球领先的轨道交通控制系统解决方案提供商，拥有行业领先的研发与集成能力，为客户提供轨道交通控制系统全产业链一体化服务。公司提供轨道交通控制系统全产业链上的产品及服务，主要业务包括：1)设计集成，主要包括提供轨道交通控制系统相关产品的系统集成服务及为轨道交通工程为主的项目建设提供设计和咨询服务；2)设备制造，主要包括生产和销售信号系统、通信信息系统产品及其他相关产品；3)系统交付，主要包括轨道交通控制系统项目施工、设备安装及维护服务。截至2018年底，公司获得的各项技术荣誉奖项主要包括：中国铁道学会科学技术奖一等奖，北京市科学技术奖二等奖，中国专利奖银奖等。
688185.SH,康希诺,4355987.7925385395,713966.0101742739,241,1914390000.0,Ad5-EBOV、CSB012-腺病毒、CSB013-寨卡病毒、CSB015-脑膜炎、CSB016-带状疱疹、CSB017-脊髓灰质炎、DTcP-Hib联合疫苗、DTcP加强疫苗、MCV2、MCV4、PBPV、PCV13i、结核病加强疫苗、青少年及成人用Tdcp、婴幼儿用DTcP,疫苗,公司是一家致力于研发、生产与销售的创新型疫苗企业。在一批疫苗领域资深科学家和具备多年国际大型制药公司从业背景的资深技术专家的带领下，公司快速推进一系列国内创新疫苗的研发，研发管线涵盖预防脑膜炎、埃博拉病毒病、百白破、肺炎、结核病、带状疱疹等多个适应症的临床接种量较大的重磅疫苗，公司研发团队汇聚了多位资深科学家和疫苗行业资深专家，他们曾经在赛诺菲巴斯德、阿斯利康和惠氏(现被辉瑞收购)、诺华制药、中生集团等国内外大型制药公司牵头负责或参与创新疫苗的研发、生产和销售，目前，公司围绕关键技术在境内外取得18项授权发明专利，其中16项为境内发明专利，2项为美国发明专利，除专利以外，公司亦开发并掌握了多项疫苗研发中难以突破的专有技术和生产工艺。凭借上述技术平台，公司逐步开展针对预防脑膜炎、埃博拉病毒病、百白破、肺炎、结核病、带状疱疹等12个适应症的15种创新疫苗产品的研发。
688777.SH,中控技术,4235105.31106639,151549.45109128632,241,581664803.55,安全仪表系统(SIS)TCS-900、安全栅、仿真培训软件 VxOTS、集散控制系统(DCS)ECS-700、集散控制系统(DCS)JX-300XP、角行程控制阀、实时数据库 ESP-iSYS、网络化混合控制系统GCS G3、网络化混合控制系统GCS G5、先进控制与优化系列软件 APC-Suite（含ssRTO）、压力变送器、运维服务、直行程控制阀、制造执行系统 MES-Suite,电气仪器仪表、行业专用软件、系统集成服务、专业咨询服务,公司始终坚持通过自主创新打破跨国公司的技术壁垒，持续加大研发投入及研发平台建设，成功取得了一系列发明专利、技术奖项、产品认证及国际标准和国家标准。公司曾获得国务院授予的国家科学技术进步奖二等奖、一项中国标准创新贡献一等奖和多项省部级以上科技进步类奖项，牵头或参与制定国际标准、国家标准多项。2014年公司成为首批被推荐的两化融合管理体系贯标咨询服务机构，首次通过CMMI5级软件能力成熟度认证；2017年，公司入选全国首批智能制造系统解决方案供应商推荐目录和全国首批30家服务型制造示范企业名单；2018年，入选中国智能制造系统解决方案供应商联盟第一批供应商推荐目录；2019年，被工信部评为国家技术创新示范企业，被国家发改委认定为国家企业技术中心。
688819.SH,天能股份,4112108.041908714,192224.78963900416,241,1369365754.85,3C电池、备用电池、储能电池、电动二轮车电池、电动汽车电池、电动三轮车电池、电动特种车电池、起动启停电池、微型电动汽车电池,电子元器件,公司是一家以电动轻型车绿色动力电池业务为主，集电动特种车绿色动力电池、新能源汽车动力电池、汽车起动启停电池、储能电池、3C电池、备用电池等多品类电池的研发、生产、销售为一体的国内绿色电池行业领先企业之一。公司坚持科技创新驱动绿色发展理念，形成了“铅蓄电池+锂电池”为主的绿色电池产品体系，2019年11月，在中法两国元首的见证下，公司与世界500强企业法国道达尔集团旗下帅福得(SAFT)签订合作协议，双方将整合各自在技术、生产、市场等领域的优势，聚焦于电动轻型车、电动汽车和储能解决方案领域，为中国和全球市场开发、制造和销售先进的绿色锂电产品，公司系国家高新技术企业、国家技术创新示范企业、国家知识产权优势企业、制造业单项冠军示范企业、工业产品绿色设计示范企业、浙江省第一批雄鹰计划培育企业；公司先后建有国家认定企业技术中心、全国示范院士专家工作站、国家级博士后科研工作站、轻工业联合会国家重点实验室、中国轻工业工业设计中心。
300676.SZ,华大基因,3976650.103931224,397625.78818257264,241,1461536272.38,I-III期临床测试、NIFTY（无创产前基因检测/胎儿染色体非整倍体检测）、PGS/PGD（胚胎植入前遗传学筛查与诊断）、伴随诊断、单基因病检测、地中海贫血基因检测、复杂疾病基因检测、基因检测、基因组测序、疾病致病机理研究、临床前测试、其他多组学解决方案、染色体异常检测、生物信息分析、新生儿耳聋检测、新生儿遗传代谢病检测、药物先导分子筛选和优化、遗传性肿瘤、肿瘤常规个体化用药基因检测、肿瘤个体化用药指导系列基因检测、肿瘤致病机理和相关基础研究,专业咨询服务,公司的主营业务为通过基因检测等手段，为医疗机构、科研机构、企事业单位等提供基因组学类的诊断和研究服务。公司秉承“基因科技造福人类”的愿景，以推动生命科学研究进展和提高全球医疗健康水平为出发点，基于基因领域研究成果及生物技术在民生健康方面的应用，进行科研和产业布局，致力于加速科学创新，减少出生缺陷，加强肿瘤防控，抑制重大疾病对人类的危害，实现精准治愈感染，助力精准医学。公司主要服务于国内外的科研院校、研究所、独立实验室、制药公司等机构，以及国内外的各级医院、体检机构等医疗卫生机构、公司客户和大众客户。
300832.SZ,新产业,3787411.524983112,137208.35963070538,241,973696489.03,新产业MAGLUM2000Plus全自动化学发光免疫分析仪、新产业MAGLUM4000全自动化学发光免疫分析仪、新产业MAGLUMI1000全自动化学发光免疫分析仪、新产业MAGLUMI2000全自动化学发光免疫分析仪、新产业MAGLUMI600全自动化学发光免疫分析仪、新产业传染病试剂、新产业代谢试剂、新产业肝纤维化试剂、新产业甲状腺试剂、新产业性腺试剂、新产业肿瘤标志物试剂,医疗器械用制剂、专用设备与零部件,公司主要从事研发、生产及销售系列全自动化学发光免疫分析仪器及配套试剂，是国内该领域的领先者。公司产品主要用于提供疾病的预防、诊断、治疗监测、预后观察、健康状态评价以及遗传性疾病预测等方面的诊断信息。公司所处行业为医疗诊断、监护及治疗设备制造业，具体为体外诊断行业。截至2020年3月31日，公司主要有8款全自动化学发光免疫分析仪器1，122项配套试剂2，均已获得医疗器械产品注册证，是国内提供化学发光免疫诊断试剂种类最多的供应商之一。此外，公司亦积极拓展生化分析产品线，截至2020年3月31日，公司拥有4款全自动生化分析仪器，并拥有39项配套试剂，均已获得医疗器械产品注册证。公司仪器型号系列化，能够满足不同用户对仪器测试速度、样本和试剂装载量的需求；配套试剂涵盖甲状腺、性腺、肿瘤标志物、代谢、肝纤维化、传染病等检测项目，能够满足不同用户的检测需求。
688256.SH,寒武纪-U,3692095.4761404567,208945.90024066388,241,-824949409.11,Cambricon Neuware软件开发平台、寒武纪1A处理器、寒武纪1H处理器、寒武纪1M处理器、思元100（MLU100）芯片及云端智能加速卡、思元220（MLU220）芯片及边缘智能加速卡、思元270（MLU270）芯片及云端智能加速卡、思元290（MLU290）芯片及云端智能加速卡,电子元器件、运营平台系统,公司自成立以来一直专注于人工智能芯片产品的研发与技术创新，致力于打造人工智能领域的核心处理器芯片，让机器更好地理解和服务人类。公司核心人员在处理器芯片和人工智能领域深耕十余年，带领公司研发了智能处理器指令集与微架构等一系列自主创新关键技术。经过不断的研发积累，公司产品在行业内赢得高度认可，广泛应用于消费电子、数据中心、云计算等诸多场景。采用公司终端智能处理器IP的终端设备已出货过亿台；云端智能芯片及加速卡也已应用到国内主流服务器厂商的产品中，并已实现量产出货；边缘智能芯片及加速卡的发布标志着公司已形成全面覆盖云端、边缘端和终端场景的系列化智能芯片产品布局。
300558.SZ,贝达药业,3358913.7334574065,254618.18437344398,241,383067840.44,盐酸埃克替尼,原料药,"公司是一家由海归博士创办的，以自主知识产权创新药物研究与开发为核心，集医药研发、生产、营销于一体的国家级高新技术企业。公司坚持新药研发，以“Better Medicine,Better Life”为使命，以“为中国百姓创制更多用得起的好药”为宗旨，矢志成为总部在中国的跨国制药企业。公司以“市场需求为导向、科学创新为根本，聚焦肿瘤领域，涵盖大分子，战略高度合理布局，高效执行把握先机”为指导理念，围绕小分子靶向药、免疫疗法和联合治疗三个方向开展研究。公司多次获国家“重大新药创制”科技重大专项，并列入国家科技部“国家高新技术研究发展计划(863计划)”、“国家火炬计划”、“国家战略性创新产品”。"
688521.SH,芯原股份-U,3302234.436139187,213987.32370954356,241,13292357.58,半导体IP授权服务、一站式芯片定制服务,电子元器件,公司是一家依托自主半导体IP，为客户提供平台化、全方位、一站式芯片定制服务和半导体IP授权服务的企业。公司拥有多种成熟的行业应用解决方案、优秀的芯片设计能力、丰富的芯片设计经验以及深厚的半导体IP储备，能够帮助客户高效率、高质量、低成本、低风险地完成芯片的设计实现和量产出货。通过芯原提供的服务，客户可集中精力运用自身在产品定义、系统架构、软件开发及市场营销等方面的优势，并借助芯原在芯片设计和量产优化等方面的优势，完善产品功能，提升产品性能。芯原服务水平和质量受到诸多国内外知名客户的认可，主要客户包括英特尔、博世、恩智浦、博通、新突思、美满电子、索喜科技、意法半导体、三星、瑞昱等全球半导体行业知名企业；Facebook、谷歌、亚马逊等全球大型互联网公司；华为、紫光展锐、瑞芯微、中兴通讯、大华股份、晶晨股份、和芯星通等众多国内知名企业。
